"pmax","temp","ma","lag"
365000,365000,365000,236.276712328767
324485,365000,365000,532.728767123288
283970,365000,365000,561.978082191781
243455,365000,365000,592.276712328767
202940,365000,365000,628.635616438356
162425,365000,365000,672.742465753425
121910,365000,365000,726.276712328767
81395,365000,365000,791.356164383562
40880,365000,365000,871.238356164384
365,365000,365000,966.227397260274
365000,324485,365000,198.942465753425
324485,324485,365000,243.498630136986
283970,324485,365000,466.049315068493
243455,324485,365000,496.975342465753
202940,324485,365000,530.980821917808
162425,324485,365000,572.808219178082
121910,324485,365000,624.580821917808
81395,324485,365000,688.558904109589
40880,324485,365000,767.980821917808
365,324485,365000,862.920547945205
365000,283970,365000,173.457534246575
324485,283970,365000,197.082191780822
283970,283970,365000,250.402739726027
243455,283970,365000,402.786301369863
202940,283970,365000,435.917808219178
162425,283970,365000,474.578082191781
121910,283970,365000,523.641095890411
81395,283970,365000,585.86301369863
40880,283970,365000,664.523287671233
365,283970,365000,759.358904109589
365000,243455,365000,153.101369863014
324485,243455,365000,168.515068493151
283970,243455,365000,193.027397260274
243455,243455,365000,255.024657534247
202940,243455,365000,346.635616438356
162425,243455,365000,382.046575342466
121910,243455,365000,426.320547945205
81395,243455,365000,485.123287671233
40880,243455,365000,562.175342465753
365,243455,365000,656.67397260274
365000,202940,365000,136.139726027397
324485,202940,365000,146.591780821918
283970,202940,365000,161.506849315069
243455,202940,365000,186.035616438356
202940,202940,365000,253.646575342466
162425,202940,365000,304.232876712329
121910,202940,365000,339.997260273973
81395,202940,365000,390.471232876712
40880,202940,365000,462.731506849315
365,202940,365000,555.717808219178
365000,162425,365000,122.054794520548
324485,162425,365000,128.915068493151
283970,162425,365000,138.235616438356
243455,162425,365000,152.01095890411
202940,162425,365000,176.506849315069
162425,162425,365000,249.427397260274
121910,162425,365000,279.498630136986
81395,162425,365000,314.367123287671
40880,162425,365000,372.457534246575
365,162425,365000,458.520547945205
365000,121910,365000,112.695890410959
324485,121910,365000,117.186301369863
283970,121910,365000,123.235616438356
243455,121910,365000,131.945205479452
202940,121910,365000,146.123287671233
162425,121910,365000,180.339726027397
121910,121910,365000,245.917808219178
81395,121910,365000,268.443835616438
40880,121910,365000,305.665753424658
365,121910,365000,371.819178082192
365000,81395,365000,109.679452054795
324485,81395,365000,112.372602739726
283970,81395,365000,115.983561643836
243455,81395,365000,121.115068493151
202940,81395,365000,129.134246575342
162425,81395,365000,144.378082191781
121910,81395,365000,215.750684931507
81395,81395,365000,243.345205479452
40880,81395,365000,265.260273972603
365,81395,365000,307.501369863014
365000,40880,365000,111.630136986301
324485,40880,365000,112.947945205479
283970,40880,365000,114.706849315068
243455,40880,365000,117.183561643836
202940,40880,365000,120.953424657534
162425,40880,365000,127.509589041096
121910,40880,365000,142.983561643836
81395,40880,365000,225.27397260274
40880,40880,365000,241.093150684932
365,40880,365000,264.701369863014
365000,365,365000,117.221917808219
324485,365,365000,117.687671232877
283970,365,365000,118.301369863014
243455,365,365000,119.147945205479
202940,365,365000,120.394520547945
162425,365,365000,122.421917808219
121910,365,365000,126.331506849315
81395,365,365000,137.728767123288
40880,365,365000,229.043835616438
365,365,365000,237.550684931507
365000,365000,324485,231.671232876712
324485,365000,324485,548.608219178082
283970,365000,324485,576.561643835616
243455,365000,324485,605.101369863014
202940,365000,324485,639.367123287671
162425,365000,324485,681.087671232877
121910,365000,324485,732
81395,365000,324485,794.378082191781
40880,365000,324485,871.819178082192
365,365000,324485,965.427397260274
365000,324485,324485,196.917808219178
324485,324485,324485,239.287671232877
283970,324485,324485,478.47397260274
243455,324485,324485,508.147945205479
202940,324485,324485,540.391780821918
162425,324485,324485,580.084931506849
121910,324485,324485,629.402739726027
81395,324485,324485,690.767123287671
40880,324485,324485,767.772602739726
365,324485,324485,861.33698630137
365000,283970,324485,172.295890410959
324485,283970,324485,195.569863013699
283970,283970,324485,246.871232876712
243455,283970,324485,412.854794520548
202940,283970,324485,444.731506849315
162425,283970,324485,481.665753424658
121910,283970,324485,528.558904109589
81395,283970,324485,588.320547945205
40880,283970,324485,664.616438356164
365,283970,324485,758.082191780822
365000,243455,324485,152.290410958904
324485,243455,324485,167.665753424658
283970,243455,324485,192.008219178082
243455,243455,324485,252.638356164384
202940,243455,324485,353.575342465753
162425,243455,324485,388.139726027397
121910,243455,324485,430.871232876712
81395,243455,324485,487.569863013699
40880,243455,324485,562.380821917808
365,243455,324485,655.52602739726
365000,202940,324485,135.430136986301
324485,202940,324485,145.934246575342
283970,202940,324485,160.895890410959
243455,202940,324485,185.432876712329
202940,202940,324485,252.558904109589
162425,202940,324485,307.630136986301
121910,202940,324485,343.213698630137
81395,202940,324485,392.553424657534
40880,202940,324485,463.002739726027
365,202940,324485,554.715068493151
365000,162425,324485,121.342465753425
324485,162425,324485,128.271232876712
283970,162425,324485,137.676712328767
243455,162425,324485,151.460273972603
202940,162425,324485,175.402739726027
162425,162425,324485,248.243835616438
121910,162425,324485,280.131506849315
81395,162425,324485,315.180821917808
40880,162425,324485,372.561643835616
365,162425,324485,457.657534246575
365000,121910,324485,111.553424657534
324485,121910,324485,116.032876712329
283970,121910,324485,122.054794520548
243455,121910,324485,130.695890410959
202940,121910,324485,144.643835616438
162425,121910,324485,176.868493150685
121910,121910,324485,244.608219178082
81395,121910,324485,267.846575342466
40880,121910,324485,305.241095890411
365,121910,324485,371.093150684932
365000,81395,324485,108.649315068493
324485,81395,324485,111.32602739726
283970,81395,324485,114.917808219178
243455,81395,324485,120.013698630137
202940,81395,324485,127.950684931507
162425,81395,324485,142.912328767123
121910,81395,324485,212.698630136986
81395,81395,324485,242.093150684932
40880,81395,324485,264.441095890411
365,81395,324485,306.87397260274
365000,40880,324485,111.145205479452
324485,40880,324485,112.454794520548
283970,40880,324485,114.205479452055
243455,40880,324485,116.668493150685
202940,40880,324485,120.419178082192
162425,40880,324485,126.92602739726
121910,40880,324485,142.208219178082
81395,40880,324485,223.997260273973
40880,40880,324485,240.164383561644
365,40880,324485,264.150684931507
365000,365,324485,117.205479452055
324485,365,324485,117.668493150685
283970,365,324485,118.282191780822
243455,365,324485,119.128767123288
202940,365,324485,120.378082191781
162425,365,324485,122.402739726027
121910,365,324485,126.306849315068
81395,365,324485,137.690410958904
40880,365,324485,228.561643835616
365,365,324485,237.043835616438
365000,365000,283970,226.367123287671
324485,365000,283970,568.452054794521
283970,365000,283970,594.671232876712
243455,365000,283970,621.123287671233
202940,365000,283970,652.956164383562
162425,365000,283970,691.906849315068
121910,365000,283970,739.778082191781
81395,365000,283970,798.994520547945
40880,365000,283970,873.52602739726
365,365000,283970,965.46301369863
365000,324485,283970,194.542465753425
324485,324485,283970,234.350684931507
283970,324485,283970,494.383561643836
243455,324485,283970,522.515068493151
202940,324485,283970,552.676712328767
162425,324485,283970,589.868493150685
121910,324485,283970,636.328767123288
81395,324485,283970,694.632876712329
40880,324485,283970,768.758904109589
365,324485,283970,860.654794520548
365000,283970,283970,171.002739726027
324485,283970,283970,193.78904109589
283970,283970,283970,242.597260273973
243455,283970,283970,424.767123287671
202940,283970,283970,455.167123287671
162425,283970,283970,490.021917808219
121910,283970,283970,534.361643835616
81395,283970,283970,591.232876712329
40880,283970,283970,664.709589041096
365,283970,283970,756.509589041096
365000,243455,283970,151.46301369863
324485,243455,283970,166.745205479452
283970,243455,283970,190.816438356164
243455,243455,283970,249.586301369863
202940,243455,283970,362.084931506849
162425,243455,283970,395.471232876712
121910,243455,283970,436.293150684932
81395,243455,283970,490.47397260274
40880,243455,283970,562.605479452055
365,243455,283970,654.112328767123
365000,202940,283970,134.747945205479
324485,202940,283970,145.287671232877
283970,202940,283970,160.271232876712
243455,202940,283970,184.761643835616
202940,202940,283970,251.252054794521
162425,202940,283970,312.052054794521
121910,202940,283970,347.208219178082
81395,202940,283970,395.06301369863
40880,202940,283970,463.306849315069
365,202940,283970,553.465753424658
365000,162425,283970,120.646575342466
324485,162425,283970,127.643835616438
283970,162425,283970,137.139726027397
243455,162425,283970,151.030136986301
202940,162425,283970,174.635616438356
162425,162425,283970,246.912328767123
121910,162425,283970,281.106849315068
81395,162425,283970,316.249315068493
40880,162425,283970,372.671232876712
365,162425,283970,456.58904109589
365000,121910,283970,110.358904109589
324485,121910,283970,114.821917808219
283970,121910,283970,120.808219178082
243455,121910,283970,129.369863013699
202940,121910,283970,143.06301369863
162425,121910,283970,173.323287671233
121910,121910,283970,243.087671232877
81395,121910,283970,267.186301369863
40880,121910,283970,304.712328767123
365,121910,283970,370.180821917808
365000,81395,283970,107.457534246575
324485,81395,283970,110.120547945205
283970,81395,283970,113.684931506849
243455,81395,283970,118.734246575342
202940,81395,283970,126.578082191781
162425,81395,283970,141.213698630137
121910,81395,283970,208.758904109589
81395,81395,283970,240.597260273973
40880,81395,283970,263.435616438356
365,81395,283970,306.084931506849
365000,40880,283970,110.553424657534
324485,40880,283970,111.854794520548
283970,40880,283970,113.597260273973
243455,40880,283970,116.041095890411
202940,40880,283970,119.764383561644
162425,40880,283970,126.21095890411
121910,40880,283970,141.26301369863
81395,40880,283970,222.41095890411
40880,40880,283970,239.013698630137
365,40880,283970,263.460273972603
365000,365,283970,117.183561643836
324485,365,283970,117.649315068493
283970,365,283970,118.260273972603
243455,365,283970,119.106849315068
202940,365,283970,120.350684931507
162425,365,283970,122.375342465753
121910,365,283970,126.276712328767
81395,365,283970,137.635616438356
40880,365,283970,227.953424657534
365,365,283970,236.405479452055
365000,365000,243455,220.276712328767
324485,365000,243455,592.205479452055
283970,365000,243455,616.345205479452
243455,365000,243455,640.334246575342
202940,365000,243455,669.301369863014
162425,365000,243455,704.991780821918
121910,365000,243455,749.279452054795
81395,365000,243455,804.745205479452
40880,365000,243455,875.739726027397
365,365000,243455,965.608219178082
365000,324485,243455,191.756164383562
324485,324485,243455,228.556164383562
283970,324485,243455,514.564383561644
243455,324485,243455,540.660273972603
202940,324485,243455,568.312328767123
162425,324485,243455,602.534246575342
121910,324485,243455,645.613698630137
81395,324485,243455,700.276712328767
40880,324485,243455,770.906849315068
365,324485,243455,860.73698630137
365000,283970,243455,169.578082191781
324485,283970,243455,191.679452054795
283970,283970,243455,237.408219178082
243455,283970,243455,440.575342465753
202940,283970,243455,469.150684931507
162425,283970,243455,501.490410958904
121910,283970,243455,542.769863013699
81395,283970,243455,596.178082191781
40880,283970,243455,666.219178082192
365,283970,243455,755.964383561644
365000,243455,243455,150.668493150685
324485,243455,243455,165.772602739726
283970,243455,243455,189.416438356164
243455,243455,243455,245.635616438356
202940,243455,243455,372.690410958904
162425,243455,243455,404.457534246575
121910,243455,243455,442.882191780822
81395,243455,243455,494.005479452055
40880,243455,243455,562.854794520548
365,243455,243455,652.32602739726
365000,202940,243455,134.167123287671
324485,202940,243455,144.712328767123
283970,202940,243455,159.66301369863
243455,202940,243455,184.008219178082
202940,202940,243455,249.375342465753
162425,202940,243455,317.917808219178
121910,202940,243455,352.265753424658
81395,202940,243455,398.164383561644
40880,202940,243455,463.646575342466
365,202940,243455,551.876712328767
365000,162425,243455,120.041095890411
324485,162425,243455,127.104109589041
283970,162425,243455,136.67397260274
243455,162425,243455,150.654794520548
202940,162425,243455,174.323287671233
162425,162425,243455,245.416438356164
121910,162425,243455,282.621917808219
81395,162425,243455,317.684931506849
40880,162425,243455,372.786301369863
365,162425,243455,455.213698630137
365000,121910,243455,109.169863013699
324485,121910,243455,113.616438356164
283970,121910,243455,119.561643835616
243455,121910,243455,128.024657534247
202940,121910,243455,141.424657534247
162425,121910,243455,169.734246575342
121910,121910,243455,241.312328767123
81395,121910,243455,266.468493150685
40880,121910,243455,304.057534246575
365,121910,243455,369.002739726027
365000,81395,243455,106.082191780822
324485,81395,243455,108.728767123288
283970,81395,243455,112.260273972603
243455,81395,243455,117.257534246575
202940,81395,243455,124.980821917808
162425,81395,243455,139.224657534247
121910,81395,243455,203.432876712329
81395,81395,243455,238.764383561644
40880,81395,243455,262.175342465753
365,81395,243455,305.06301369863
365000,40880,243455,109.813698630137
324485,40880,243455,111.106849315068
283970,40880,243455,112.832876712329
243455,40880,243455,115.257534246575
202940,40880,243455,118.945205479452
162425,40880,243455,125.315068493151
121910,40880,243455,140.079452054795
81395,40880,243455,220.378082191781
40880,40880,243455,237.545205479452
365,40880,243455,262.561643835616
365000,365,243455,117.156164383562
324485,365,243455,117.619178082192
283970,365,243455,118.230136986301
243455,365,243455,119.076712328767
202940,365,243455,120.317808219178
162425,365,243455,122.339726027397
121910,365,243455,126.232876712329
81395,365,243455,137.569863013699
40880,365,243455,227.161643835616
365,365,243455,235.572602739726
365000,365000,202940,213.479452054795
324485,365000,202940,620.997260273973
283970,365000,202940,642.654794520548
243455,365000,202940,663.709589041096
202940,365000,202940,689.27397260274
162425,365000,202940,721.082191780822
121910,365000,202940,761.07397260274
81395,365000,202940,811.997260273973
40880,365000,202940,878.61095890411
365,365000,202940,965.813698630137
365000,324485,202940,188.542465753425
324485,324485,202940,221.865753424658
283970,324485,202940,539.358904109589
243455,324485,202940,562.953424657534
202940,324485,202940,587.575342465753
162425,324485,202940,618.227397260274
121910,324485,202940,657.227397260274
81395,324485,202940,707.471232876712
40880,324485,202940,773.764383561644
365,324485,202940,860.93698630137
365000,283970,202940,168.082191780822
324485,283970,202940,189.208219178082
283970,283970,202940,231.12602739726
243455,283970,202940,461.120547945205
202940,283970,202940,487.257534246575
162425,283970,202940,516.493150684931
121910,283970,202940,554.038356164384
81395,283970,202940,603.230136986301
40880,283970,202940,669.008219178082
365,283970,202940,756.104109589041
365000,243455,202940,150.035616438356
324485,243455,202940,164.819178082192
283970,243455,202940,187.780821917808
243455,243455,202940,240.501369863014
202940,243455,202940,387.928767123288
162425,243455,202940,417.539726027397
121910,243455,202940,452.906849315068
81395,243455,202940,500.230136986301
40880,243455,202940,564.986301369863
365,243455,202940,651.832876712329
365000,202940,202940,133.857534246575
324485,202940,202940,144.334246575342
283970,202940,202940,159.158904109589
243455,202940,202940,183.183561643836
202940,202940,202940,246.569863013699
162425,202940,202940,325.956164383562
121910,202940,202940,358.928767123288
81395,202940,202940,402.164383561644
40880,202940,202940,464.112328767123
365,202940,202940,549.838356164384
365000,162425,202940,119.676712328767
324485,162425,202940,126.783561643836
283970,162425,202940,136.405479452055
243455,162425,202940,150.435616438356
202940,162425,202940,174.120547945205
162425,162425,202940,243.72602739726
121910,162425,202940,285.027397260274
81395,162425,202940,319.690410958904
40880,162425,202940,372.920547945205
365,162425,202940,453.386301369863
365000,121910,202940,108.158904109589
324485,121910,202940,112.572602739726
283970,121910,202940,118.465753424658
243455,121910,202940,126.808219178082
202940,121910,202940,139.868493150685
162425,121910,202940,166.219178082192
121910,121910,202940,239.216438356164
81395,121910,202940,265.717808219178
40880,121910,202940,303.227397260274
365,121910,202940,367.424657534247
365000,81395,202940,104.517808219178
324485,81395,202940,107.134246575342
283970,81395,202940,110.624657534247
243455,81395,202940,115.550684931507
202940,81395,202940,123.123287671233
162425,81395,202940,136.895890410959
121910,81395,202940,195.660273972603
81395,81395,202940,236.476712328767
40880,81395,202940,260.545205479452
365,81395,202940,303.682191780822
365000,40880,202940,108.868493150685
324485,40880,202940,110.147945205479
283970,40880,202940,111.854794520548
243455,40880,202940,114.254794520548
202940,40880,202940,117.895890410959
162425,40880,202940,124.167123287671
121910,40880,202940,138.564383561644
81395,40880,202940,217.682191780822
40880,40880,202940,235.616438356164
365,40880,202940,261.347945205479
365000,365,202940,117.115068493151
324485,365,202940,117.578082191781
283970,365,202940,118.186301369863
243455,365,202940,119.032876712329
202940,365,202940,120.27397260274
162425,365,202940,122.290410958904
121910,365,202940,126.172602739726
81395,365,202940,137.471232876712
40880,365,202940,226.082191780822
365,365,202940,234.441095890411
365000,365000,162425,206.652054794521
324485,365000,162425,266.964383561644
283970,365000,162425,675.27397260274
243455,365000,162425,692.846575342466
202940,365000,162425,714.334246575342
162425,365000,162425,741.454794520548
121910,365000,162425,776.18904109589
81395,365000,162425,821.465753424658
40880,365000,162425,882.487671232877
365,365000,162425,966.109589041096
365000,324485,162425,185.391780821918
324485,324485,162425,215.008219178082
283970,324485,162425,570.41095890411
243455,324485,162425,590.945205479452
202940,324485,162425,611.87397260274
162425,324485,162425,638.161643835616
121910,324485,162425,672.147945205479
81395,324485,162425,716.882191780822
40880,324485,162425,777.635616438356
365,324485,162425,861.230136986301
365000,283970,162425,166.86301369863
324485,283970,162425,186.67397260274
283970,283970,162425,224.495890410959
243455,283970,162425,487.342465753425
202940,283970,162425,510.378082191781
162425,283970,162425,535.731506849315
121910,283970,162425,568.632876712329
81395,283970,162425,612.53698630137
40880,283970,162425,672.86301369863
365,283970,162425,756.391780821918
365000,243455,162425,149.895890410959
324485,243455,162425,164.117808219178
283970,243455,162425,186.046575342466
243455,243455,162425,234.715068493151
202940,243455,162425,408.72602739726
162425,243455,162425,435.356164383562
121910,243455,162425,466.761643835616
81395,243455,162425,509.246575342466
40880,243455,162425,568.742465753425
365,243455,162425,652.052054794521
365000,202940,162425,134.186301369863
324485,202940,162425,144.460273972603
283970,202940,162425,158.967123287671
243455,202940,162425,182.350684931507
202940,202940,162425,242.972602739726
162425,202940,162425,339.498630136986
121910,202940,162425,370.246575342466
81395,202940,162425,409.808219178082
40880,202940,162425,467.098630136986
365,202940,162425,549.419178082192
365000,162425,162425,119.923287671233
324485,162425,162425,127.019178082192
283970,162425,162425,136.613698630137
243455,162425,162425,150.583561643836
202940,162425,162425,174.106849315069
162425,162425,162425,241.909589041096
121910,162425,162425,289.416438356164
81395,162425,162425,323.01095890411
40880,162425,162425,373.38904109589
365,162425,162425,451.049315068493
365000,121910,162425,107.73698630137
324485,121910,162425,112.109589041096
283970,121910,162425,117.923287671233
243455,121910,162425,126.109589041096
202940,121910,162425,138.758904109589
162425,121910,162425,163.106849315069
121910,121910,162425,236.717808219178
81395,121910,162425,265.013698630137
40880,121910,162425,302.134246575342
365,121910,162425,365.197260273973
365000,81395,162425,102.8
324485,81395,162425,105.378082191781
283970,81395,162425,108.813698630137
243455,81395,162425,113.641095890411
202940,81395,162425,121.016438356164
162425,81395,162425,134.2
121910,81395,162425,182.613698630137
81395,81395,162425,233.534246575342
40880,81395,162425,258.350684931507
365,81395,162425,301.715068493151
365000,40880,162425,107.624657534247
324485,40880,162425,108.884931506849
283970,40880,162425,110.569863013699
243455,40880,162425,112.931506849315
202940,40880,162425,116.506849315068
162425,40880,162425,122.641095890411
121910,40880,162425,136.545205479452
81395,40880,162425,213.928767123288
40880,40880,162425,232.961643835616
365,40880,162425,259.608219178082
365000,365,162425,117.054794520548
324485,365,162425,117.515068493151
283970,365,162425,118.12602739726
243455,365,162425,118.964383561644
202940,365,162425,120.205479452055
162425,365,162425,122.216438356164
121910,365,162425,126.087671232877
81395,365,162425,137.32602739726
40880,365,162425,224.52602739726
365,365,162425,232.821917808219
365000,365000,121910,200.446575342466
324485,365000,121910,240.561643835616
283970,365000,121910,716.797260273973
243455,365000,121910,730.282191780822
202940,365000,121910,746.895890410959
162425,365000,121910,768.298630136986
121910,365000,121910,796.47397260274
81395,365000,121910,834.495890410959
40880,365000,121910,888.060273972603
365,365000,121910,966.564383561644
365000,324485,121910,183.197260273973
324485,324485,121910,208.367123287671
283970,324485,121910,610.358904109589
243455,324485,121910,627.197260273973
202940,324485,121910,643.630136986301
162425,324485,121910,664.52602739726
121910,324485,121910,692.205479452055
81395,324485,121910,729.841095890411
40880,324485,121910,783.202739726027
365,324485,121910,861.687671232877
365000,283970,121910,167.060273972603
324485,283970,121910,185.005479452055
283970,283970,121910,217.72602739726
243455,283970,121910,521.808219178082
202940,283970,121910,540.898630136986
162425,283970,121910,561.350684931507
121910,283970,121910,588.32602739726
81395,283970,121910,625.380821917808
40880,283970,121910,678.413698630137
365,283970,121910,756.843835616438
365000,243455,121910,151.46301369863
324485,243455,121910,164.769863013699
283970,243455,121910,185.172602739726
243455,243455,121910,228.597260273973
202940,243455,121910,436.986301369863
162425,243455,121910,459.561643835616
121910,243455,121910,485.723287671233
81395,243455,121910,521.821917808219
40880,243455,121910,574.243835616438
365,243455,121910,652.495890410959
365000,202940,121910,136.252054794521
324485,202940,121910,146.095890410959
283970,202940,121910,159.997260273973
243455,202940,121910,182.38904109589
202940,202940,121910,239.446575342466
162425,202940,121910,359.923287671233
121910,202940,121910,387.098630136986
81395,202940,121910,421.457534246575
40880,202940,121910,472.33698630137
365,202940,121910,549.783561643836
365000,162425,121910,121.720547945205
324485,162425,121910,128.676712328767
283970,162425,121910,138.079452054795
243455,162425,121910,151.775342465753
202940,162425,121910,174.865753424658
162425,162425,121910,242.339726027397
121910,162425,121910,299.750684931507
81395,162425,121910,331.175342465753
40880,162425,121910,377.230136986301
365,162425,121910,450.769863013699
365000,121910,121910,108.657534246575
324485,121910,121910,113.038356164384
283970,121910,121910,118.832876712329
243455,121910,121910,126.909589041096
202940,121910,121910,139.115068493151
162425,121910,121910,161.369863013699
121910,121910,121910,235.265753424658
81395,121910,121910,266.238356164384
40880,121910,121910,301.942465753425
365,121910,121910,362.619178082192
365000,81395,121910,101.208219178082
324485,81395,121910,103.728767123288
283970,81395,121910,107.076712328767
243455,81395,121910,111.758904109589
202940,81395,121910,118.854794520548
162425,81395,121910,131.268493150685
121910,81395,121910,167.197260273973
81395,81395,121910,229.909589041096
40880,81395,121910,255.342465753425
365,81395,121910,298.684931506849
365000,40880,121910,105.939726027397
324485,40880,121910,107.175342465753
283970,40880,121910,108.821917808219
243455,40880,121910,111.128767123288
202940,40880,121910,114.608219178082
162425,40880,121910,120.545205479452
121910,40880,121910,133.753424657534
81395,40880,121910,208.320547945205
40880,40880,121910,229.06301369863
365,40880,121910,256.909589041096
365000,365,121910,116.956164383562
324485,365,121910,117.416438356164
283970,365,121910,118.019178082192
243455,365,121910,118.860273972603
202940,365,121910,120.090410958904
162425,365,121910,122.093150684932
121910,365,121910,125.942465753425
81395,365,121910,137.090410958904
40880,365,121910,222.098630136986
365,365,121910,230.287671232877
365000,365000,81395,197.517808219178
324485,365000,81395,224.569863013699
283970,365000,81395,771.553424657534
243455,365000,81395,780.391780821918
202940,365000,81395,791.317808219178
162425,365000,81395,805.783561643836
121910,365000,81395,825.624657534247
81395,365000,81395,853.942465753425
40880,365000,81395,896.898630136986
365,365000,81395,967.358904109589
365000,324485,81395,184.397260273973
324485,324485,81395,204.216438356164
283970,324485,81395,250.304109589041
243455,324485,81395,676.183561643836
202940,324485,81395,687.243835616438
162425,324485,81395,701.504109589041
121910,324485,81395,721.104109589041
81395,324485,81395,749.205479452055
40880,324485,81395,792.030136986301
365,324485,81395,862.479452054794
365000,283970,81395,171.120547945205
324485,283970,81395,186.230136986301
283970,283970,81395,212.446575342466
243455,283970,81395,569.106849315069
202940,283970,81395,583.295890410959
162425,283970,81395,597.550684931507
121910,283970,81395,616.821917808219
81395,283970,81395,644.605479452055
40880,283970,81395,687.227397260274
365,283970,81395,757.635616438356
365000,243455,81395,157.391780821918
324485,243455,81395,169.049315068493
283970,243455,81395,186.849315068493
243455,243455,81395,222.750684931507
202940,243455,81395,477.235616438356
162425,243455,81395,494.356164383562
121910,243455,81395,513.452054794521
81395,243455,81395,540.750684931507
40880,243455,81395,583.002739726027
365,243455,81395,653.284931506849
365000,202940,81395,143.035616438356
324485,202940,81395,151.934246575342
283970,202940,81395,164.553424657534
243455,202940,81395,184.934246575342
202940,202940,81395,235.090410958904
162425,202940,81395,391.186301369863
121910,202940,81395,412.775342465753
81395,202940,81395,439.446575342466
40880,202940,81395,480.849315068493
365,202940,81395,550.556164383562
365000,162425,81395,128.109589041096
324485,162425,81395,134.616438356164
283970,162425,81395,143.446575342466
243455,162425,81395,156.372602739726
202940,162425,81395,178.342465753425
162425,162425,81395,243.997260273973
121910,162425,81395,318.676712328767
81395,162425,81395,345.660273972603
40880,162425,81395,384.553424657534
365,162425,81395,451.413698630137
365000,121910,81395,113.178082191781
324485,121910,81395,117.454794520548
283970,121910,81395,123.120547945205
243455,121910,81395,131.035616438356
202940,121910,81395,143.019178082192
162425,121910,81395,164.334246575342
121910,121910,81395,237.334246575342
81395,121910,81395,272.819178082192
40880,121910,81395,305.742465753425
365,121910,81395,362.594520547945
365000,81395,81395,101.065753424658
324485,81395,81395,103.482191780822
283970,81395,81395,106.679452054795
243455,81395,81395,111.128767123288
202940,81395,81395,117.794520547945
162425,81395,81395,129.158904109589
121910,81395,81395,157.383561643836
81395,81395,81395,229.065753424658
40880,81395,81395,254.980821917808
365,81395,81395,296.632876712329
365000,40880,81395,103.657534246575
324485,40880,81395,104.849315068493
283970,40880,81395,106.435616438356
243455,40880,81395,108.649315068493
202940,40880,81395,111.969863013699
162425,40880,81395,117.58904109589
121910,40880,81395,129.734246575342
81395,40880,81395,200.852054794521
40880,40880,81395,225.260273972603
365,40880,81395,253.367123287671
365000,365,81395,116.756164383562
324485,365,81395,117.213698630137
283970,365,81395,117.813698630137
243455,365,81395,118.643835616438
202940,365,81395,119.865753424658
162425,365,81395,121.849315068493
121910,365,81395,125.654794520548
81395,365,81395,136.624657534247
40880,365,81395,217.739726027397
365,365,81395,225.841095890411
365000,365000,40880,187.745205479452
324485,365000,40880,209.772602739726
283970,365000,40880,264.805479452055
243455,365000,40880,833.295890410959
202940,365000,40880,849.356164383562
162425,365000,40880,862.556164383562
121910,365000,40880,872.852054794521
81395,365000,40880,887.695890410959
40880,365000,40880,913.887671232877
365,365000,40880,969.134246575342
365000,324485,40880,177.8
324485,324485,40880,195.802739726027
283970,324485,40880,227.646575342466
243455,324485,40880,729.084931506849
202940,324485,40880,745.084931506849
162425,324485,40880,757.87397260274
121910,324485,40880,768.076712328767
81395,324485,40880,782.86301369863
40880,324485,40880,809.01095890411
365,324485,40880,864.252054794521
365000,283970,40880,167.605479452055
324485,283970,40880,182.465753424658
283970,283970,40880,205.378082191781
243455,283970,40880,267.950684931507
202940,283970,40880,640.816438356164
162425,283970,40880,653.295890410959
121910,283970,40880,663.4
81395,283970,40880,678.104109589041
40880,283970,40880,704.180821917808
365,283970,40880,759.41095890411
365000,243455,40880,157.095890410959
324485,243455,40880,169.295890410959
283970,243455,40880,186.704109589041
243455,243455,40880,217.104109589041
202940,243455,40880,534.035616438356
162425,243455,40880,548.980821917808
121910,243455,40880,559.293150684932
81395,243455,40880,573.923287671233
40880,243455,40880,599.887671232877
365,243455,40880,655.057534246575
365000,202940,40880,146.287671232877
324485,202940,40880,156.07397260274
283970,202940,40880,169.394520547945
243455,202940,40880,189.594520547945
202940,202940,40880,231.890410958904
162425,202940,40880,443.043835616438
121910,202940,40880,456.758904109589
81395,202940,40880,471.654794520548
40880,202940,40880,497.424657534247
365,202940,40880,552.312328767123
365000,162425,40880,135.350684931507
324485,162425,40880,142.786301369863
283970,162425,40880,152.654794520548
243455,162425,40880,166.641095890411
202940,162425,40880,188.547945205479
162425,162425,40880,246.983561643836
121910,162425,40880,356.142465753425
81395,162425,40880,374.156164383562
40880,162425,40880,399.638356164384
365,162425,40880,453.093150684932
365000,121910,40880,124.605479452055
324485,121910,40880,129.67397260274
283970,121910,40880,136.224657534247
243455,121910,40880,144.632876712329
202940,121910,40880,156.221917808219
162425,121910,40880,176.216438356164
121910,121910,40880,246.52602739726
81395,121910,40880,290.67397260274
40880,121910,40880,315.953424657534
365,121910,40880,363.934246575342
365000,81395,40880,110.230136986301
324485,81395,40880,112.413698630137
283970,81395,40880,115.271232876712
243455,81395,40880,119.194520547945
202940,81395,40880,124.964383561644
162425,81395,40880,134.52602739726
121910,81395,40880,155.654794520548
81395,81395,40880,233.254794520548
40880,81395,40880,258.8
365,81395,40880,297.213698630137
365000,40880,40880,102.052054794521
324485,40880,40880,103.172602739726
283970,40880,40880,104.652054794521
243455,40880,40880,106.715068493151
202940,40880,40880,109.783561643836
162425,40880,40880,114.901369863014
121910,40880,40880,125.534246575342
81395,40880,40880,191.038356164384
40880,40880,40880,224.18904109589
365,40880,40880,253.054794520548
365000,365,40880,116.183561643836
324485,365,40880,116.627397260274
283970,365,40880,117.219178082192
243455,365,40880,118.027397260274
202940,365,40880,119.224657534247
162425,365,40880,121.158904109589
121910,365,40880,124.86301369863
81395,365,40880,135.441095890411
40880,365,40880,214.846575342466
365,365,40880,223.53698630137
365000,365000,365,175.893150684931
324485,365000,365,194.624657534247
283970,365000,365,231.865753424658
243455,365000,365,845.2
202940,365000,365,860.104109589041
162425,365000,365,877.093150684932
121910,365000,365,896.553424657534
81395,365000,365,918.958904109589
40880,365000,365,945.178082191781
365,365000,365,980.93698630137
365000,324485,365,167.260273972603
324485,324485,365,183.057534246575
283970,324485,365,209.309589041096
243455,324485,365,740.775342465753
202940,324485,365,755.717808219178
162425,324485,365,772.487671232877
121910,324485,365,791.778082191781
81395,324485,365,814.093150684932
40880,324485,365,840.287671232877
365,324485,365,876.054794520548
365000,283970,365,158.18904109589
324485,283970,365,171.523287671233
283970,283970,365,191.564383561644
243455,283970,365,236.01095890411
202940,283970,365,651.284931506849
162425,283970,365,668.032876712329
121910,283970,365,687.104109589041
81395,283970,365,709.282191780822
40880,283970,365,735.438356164384
365,283970,365,771.21095890411
365000,243455,365,148.613698630137
324485,243455,365,159.753424657534
283970,243455,365,175.465753424658
243455,243455,365,202
202940,243455,365,544.27397260274
162425,243455,365,563.906849315068
121910,243455,365,582.986301369863
81395,243455,365,604.98904109589
40880,243455,365,631.07397260274
365,243455,365,666.852054794521
365000,202940,365,138.520547945205
324485,202940,365,147.591780821918
283970,202940,365,159.871232876712
243455,202940,365,178.293150684932
202940,202940,365,215.361643835616
162425,202940,365,458.076712328767
121910,202940,365,480.216438356164
81395,202940,365,502.304109589041
40880,202940,365,528.301369863014
365,202940,365,564.06301369863
365000,162425,365,128.013698630137
324485,162425,365,135.013698630137
283970,162425,365,144.265753424658
243455,162425,365,157.317808219178
202940,162425,365,178.304109589041
162425,162425,365,232.761643835616
121910,162425,365,377.775342465753
81395,162425,365,402.841095890411
40880,162425,365,428.947945205479
365,162425,365,464.578082191781
365000,121910,365,117.32602739726
324485,121910,365,122.178082191781
283970,121910,365,128.52602739726
243455,121910,365,137.219178082192
202940,121910,365,150.060273972603
162425,121910,365,172.172602739726
121910,121910,365,245.419178082192
81395,121910,365,311.58904109589
40880,121910,365,339.202739726027
365,121910,365,374.301369863014
365000,81395,365,106.435616438356
324485,81395,365,109.115068493151
283970,81395,365,112.605479452055
243455,81395,365,117.345205479452
202940,81395,365,124.153424657534
162425,81395,365,134.805479452055
121910,81395,365,155.071232876712
81395,81395,365,237.797260273973
40880,81395,365,271.430136986301
365,81395,365,305.271232876712
365000,40880,365,100.750684931507
324485,40880,365,101.876712328767
283970,40880,365,103.364383561644
243455,40880,365,105.402739726027
202940,40880,365,108.397260273973
162425,40880,365,113.230136986301
121910,40880,365,122.575342465753
81395,40880,365,158.432876712329
40880,40880,365,227.923287671233
365,40880,365,259.350684931507
365000,365,365,116.821917808219
324485,365,365,117.26301369863
283970,365,365,117.841095890411
243455,365,365,118.638356164384
202940,365,365,119.813698630137
162425,365,365,121.709589041096
121910,365,365,125.342465753425
81395,365,365,135.630136986301
40880,365,365,215.07397260274
365,365,365,225.043835616438
